{"cameraMode":{"drawMode":0,"name":"Shaded","section":"Shading Mode"},"sceneLighting":false,"audioPlay":false,"sceneViewState":{"m_AlwaysRefresh":false,"showFog":false,"showSkybox":false,"showFlares":false,"showImageEffects":false,"showParticleSystems":false,"showVisualEffectGraphs":true,"m_FxEnabled":true},"in2DMode":false,"pivot":{"x":0.00014644861221313477,"y":0.8624927997589111,"z":-0.006736636161804199},"rotation":{"x":-0.010277319699525833,"y":-0.989602267742157,"z":0.10910633206367493,"w":-0.09319059550762177},"size":0.8660253882408142,"orthographic":false}